Name,Title,Department
Roberto Viola,Director-General,"('Thierry Breton',)"
Daniel Calleja Crespo,Director-General,"('Virginijus Sinkevičius',)"
Daniel Braun,Cabinet member,"('Věra Jourová',)"
Renate Nikolay,Cabinet member,"('Věra Jourová',)"
Věra Jourová,Vice-President,"('Věra Jourová',)"
Timo Pesonen,Acting Director-General,"('Thierry Breton',)"
Pia Ahrenkilde Hansen,Director-General,"('Ursula von der Leyen',)"
Joost Korte,Director-General,"('Nicolas Schmit',)"
Sibylle Bikar,Cabinet member,"('Johannes Hahn',)"
Margrethe Vestager,Executive Vice-President,"('Margrethe Vestager',)"
Riccardo Maggi,Cabinet member,"('Frans Timmermans',)"
Antoine Colombani,Cabinet member,"('Frans Timmermans',)"
Jean-Eric Paquet,Director-General,"('Iliana Ivanova',)"
Phil Hogan,Commissioner,"('Phil Hogan',)"
Mariya Gabriel,Commissioner,"('Mariya Gabriel',)"
Johannes Hahn,Commissioner,"('Johannes Hahn',)"
Ditte Juul Jørgensen,Director-General,"('Kadri Simson',)"
Diederik Samsom,Cabinet member,"('Frans Timmermans',)"
Anthony Whelan,Cabinet member,"('Ursula von der Leyen',)"
Valdis Dombrovskis ,Executive Vice-President,"('Valdis Dombrovskis',)"
Andrea Beltramello,Cabinet member,"('Valdis Dombrovskis',)"
Olivier Guersent,Director-General,"('Mairead Mcguinness',)"
Kurt Vandenberghe,Cabinet member,"('Ursula von der Leyen',)"
Nicolas Schmit,Commissioner,"('Nicolas Schmit',)"
Antoine Kasel,Cabinet member,"('Nicolas Schmit',)"
Santina Bertulessi,Cabinet member,"('Nicolas Schmit',)"
Anouk Faber,Cabinet member,"('Nicolas Schmit',)"
Henrik Hololei,Director-General,"('Adina Vălean',)"
Natasha Bertaud,Cabinet member,"('Margaritis Schinas',)"
Margaritis Schinas,Vice-President,"('Margaritis Schinas',)"
Frans Timmermans,Executive Vice-President,"('Frans Timmermans',)"
Virginijus Sinkevičius,Commissioner,"('Virginijus Sinkevičius',)"
Geneviève Tuts,Cabinet member,"('Didier Reynders',)"
Lucrezia Busa,Cabinet member,"('Didier Reynders',)"
Dermot Ryan,Cabinet member,"('Phil Hogan',)"
Anne Bucher,Director-General,"('Stella Kyriakides',)"
Camilla Bursi,Cabinet member,"('Virginijus Sinkevičius',)"
Themis Christophidou,Director-General,"('Iliana Ivanova',)"
Daniel Braun,Cabinet member,"('Margaritis Schinas', 'Věra Jourová')"
Věra Jourová,Vice-President,"('Margaritis Schinas', 'Věra Jourová')"
Margaritis Schinas,Vice-President,"('Margaritis Schinas', 'Věra Jourová')"
Maria-Myrto Kanellopoulou,Cabinet member,"('Margaritis Schinas', 'Věra Jourová')"
Michele Piergiovanni,Cabinet member,"('Margrethe Vestager',)"
Stephen Quest,Director-General,"('Paolo Gentiloni',)"
Cristina Rueda Catry,Cabinet member,"('Phil Hogan',)"
Tuure Taneli Lahti,Cabinet member,"('Jutta Urpilainen',)"
Sandra Bartelt,Cabinet member,"('Jutta Urpilainen',)"
Diana Montero Melis,Cabinet member,"('Jutta Urpilainen',)"
Laure Chapuis-Kombos,Cabinet member,"('Kadri Simson',)"
Kadri Simson,Commissioner,"('Kadri Simson',)"
Juraj Nociar,Cabinet member,"('Maroš Šefčovič',)"
Maciej Golubiewski,Cabinet member,"('Janusz Wojciechowski',)"
Walter Goetz,Cabinet member,"('Adina Vălean',)"
Gaëlle Michelier,Cabinet member,"('Adina Vălean',)"
Filip Alexandru Negreanu Arboreanu,Cabinet member,"('Adina Vălean',)"
Agnieszka Drzewoska,Cabinet member,"('Phil Hogan',)"
Despina Spanou,Cabinet member,"('Margaritis Schinas',)"
Adina-Ioana Vălean,Commissioner,"('Adina Vălean',)"
Vangelis Demiris,Cabinet member,"('Margaritis Schinas',)"
Koen Doens,Director-General,"('Jutta Urpilainen',)"
Wojtek Talko,Cabinet member,"('Věra Jourová',)"
Monika Ladmanova,Cabinet member,"('Věra Jourová',)"
Christoph Nerlich,Cabinet member,"('Nicolas Schmit',)"
Arto Virtanen,Cabinet member,"('Jutta Urpilainen',)"
Jutta Urpilainen,Commissioner,"('Jutta Urpilainen',)"
Ana Carla  Pereira,Cabinet member,"('Nicolas Schmit',)"
Helena Braun,Cabinet member,"('Frans Timmermans',)"
Adrienn Kiraly,Cabinet member,"('Mariya Gabriel',)"
Alejandro Cainzos,Cabinet member,"('Margrethe Vestager',)"
Thierry Breton,Commissioner,"('Thierry Breton',)"
Stefano Grassi,Cabinet member,"('Kadri Simson',)"
Kitti Nyitrai,Cabinet member,"('Kadri Simson',)"
Josep Borrell Fontelles,High Representative,"('Josep Borrell Fontelles',)"
Lukas Visek,Cabinet member,"('Frans Timmermans',)"
Eugenia Dumitriu-Segnana,Cabinet member,"('Nicolas Schmit',)"
Agne Razmislaviciute-Palioniene,Cabinet member,"('Virginijus Sinkevičius',)"
Terence Zakka,Cabinet member,"('Thierry Breton',)"
Helena Dalli,Commissioner,"('Helena Dalli',)"
Aleksandra Tomczak,Cabinet member,"('Frans Timmermans',)"
Sarah Nelen,Cabinet member,"('Frans Timmermans',)"
Daniel Mes,Cabinet member,"('Frans Timmermans',)"
Maroš Šefčovič,Executive Vice-President,"('Maroš Šefčovič',)"
Eglantine Cujo,Cabinet member,"('Virginijus Sinkevičius',)"
Jérôme Deslandes,Cabinet member,"('Valdis Dombrovskis',)"
Eva Gerhards,Cabinet member,"('Helena Dalli',)"
Kim-Tobias Eling,Cabinet member,"('Janez Lenarčič',)"
Janez Lenarčič,Commissioner,"('Janez Lenarčič',)"
Renaud Savignat,Cabinet member,"('Jutta Urpilainen',)"
Ursula von der Leyen,President,"('Ursula von der Leyen',)"
Ylva Johansson,Commissioner,"('Ylva Johansson',)"
Thor-Sten Vertmann,Cabinet member,"('Kadri Simson',)"
Werner Stengg,Cabinet member,"('Margrethe Vestager',)"
Pablo Fabregas Martinez,Cabinet member,"('Adina Vălean',)"
Roxana Lesovici,Cabinet member,"('Adina Vălean',)"
Joachim Herrmann,Cabinet member,"('Didier Reynders',)"
Didier Reynders,Commissioner,"('Didier Reynders',)"
Arto Virtanen,Cabinet member,"('Frans Timmermans', 'Jutta Urpilainen')"
Helena Braun,Cabinet member,"('Frans Timmermans', 'Jutta Urpilainen')"
John Berrigan,Director-General,"('Mairead Mcguinness',)"
Nora Bednarski,Cabinet member,"('Helena Dalli',)"
Stella Kyriakides,Commissioner,"('Stella Kyriakides',)"
Tove Ernst,Cabinet member,"('Stella Kyriakides',)"
Kim Jorgensen,Cabinet member,"('Margrethe Vestager',)"
Mette Dyrskjot,Cabinet member,"('Margrethe Vestager',)"
Timo Pesonen,Director-General,"('Thierry Breton',)"
Catherine Geslain-Lanéelle,Cabinet member,"('Janusz Wojciechowski',)"
Natalie Pauwels,Cabinet member,"('Janez Lenarčič',)"
Lesia Radelicki,Cabinet member,"('Helena Dalli',)"
Ruben Alexander Schuster,Cabinet member,"('Virginijus Sinkevičius',)"
Stefanie Hiesinger,Cabinet member,"('Frans Timmermans',)"
Marius  Vaščega ,Cabinet member,"('Virginijus Sinkevičius',)"
Tom Tynan,Cabinet member,"('Phil Hogan',)"
Michael Hager,Cabinet member,"('Valdis Dombrovskis',)"
Fabrice Comptour,Cabinet member,"('Thierry Breton',)"
Alina-Stefania Ujupan,Cabinet member,"('Margrethe Vestager',)"
Silvan Agius,Cabinet member,"('Helena Dalli',)"
Elzbieta Lukaniuk,Cabinet member,"('Frans Timmermans', 'Adina Vălean')"
Daniel Mes,Cabinet member,"('Frans Timmermans', 'Adina Vălean')"
Szabolcs Horvath,Cabinet member,"('Olivér Várhelyi',)"
Valere Moutarlier,Cabinet member,"('Thierry Breton',)"
Mauro Raffaele Petriccione,Director-General,"('Wopke Hoekstra',)"
Gwenole Cozigou,Acting Director-General,"('Thierry Breton',)"
Olivier Guersent,Director-General,"('Margrethe Vestager',)"
Anna Gallo Alvarez,Cabinet member,"('Josep Borrell Fontelles',)"
Roberto Reig Rodrigo,Cabinet member,"('Stella Kyriakides',)"
Francisco Barros Castro,Cabinet member,"('Elisa Ferreira',)"
Pauline Weinzierl,Cabinet member,"('Thierry Breton',)"
Filomena Chirico,Cabinet member,"('Thierry Breton',)"
Chiara Salvelli,Cabinet member,"('Mariya Gabriel',)"
Maria Elena Scoppio,Cabinet member,"('Paolo Gentiloni',)"
Anne Bergenfelt,Cabinet member,"('Josep Borrell Fontelles',)"
Guglielmo Di Cola,Cabinet member,"('Mariya Gabriel',)"
Elisabetta Siracusa,Cabinet member,"('Phil Hogan',)"
Catherine Sustek,Cabinet member,"('Margaritis Schinas',)"
Nele Eichhorn,Cabinet member,"('Margrethe Vestager',)"
Helena Hinto,Cabinet member,"('Kadri Simson',)"
Isabelle Perignon,Cabinet member,"('Didier Reynders',)"
Tom Snels,Cabinet member,"('Ylva Johansson',)"
Monika Maglione,Cabinet member,"('Ylva Johansson',)"
Chris Uregian,Cabinet member,"('Margaritis Schinas',)"
Christian Danielsson,Director-General,"('Olivér Várhelyi',)"
Maria Koleva,Cabinet member,"('Mariya Gabriel',)"
Marco Piantini,Cabinet member,"('Paolo Gentiloni',)"
Alienor Margerit,Cabinet member,"('Paolo Gentiloni',)"
Alessio Nardi,Cabinet member,"('Olivér Várhelyi',)"
Ruth Paserman,Cabinet member,"('Valdis Dombrovskis',)"
Elina Melngaile,Cabinet member,"('Valdis Dombrovskis',)"
Kevin Keary,Cabinet member,"('Phil Hogan',)"
Astrid Dentler,Cabinet member,"('Dubravka Šuica',)"
Mathieu Briens,Cabinet member,"('Josep Borrell Fontelles',)"
Valeria Miceli,Cabinet member,"('Ursula von der Leyen',)"
Neil Kerr,Cabinet member,"('Helena Dalli',)"
Paraskevi Michou,Director-General,"('Janez Lenarčič',)"
Maria Luisa Cabral,Cabinet member,"('Ursula von der Leyen',)"
Fernando Sampedro Marcos,Cabinet member,"('Ursula von der Leyen',)"
Nereo Penalver Garcia,Cabinet member,"('Josep Borrell Fontelles',)"
Olivér Várhelyi,Commissioner,"('Olivér Várhelyi',)"
Baiba Aleksejuka-Tavaresa,Cabinet member,"('Josep Borrell Fontelles',)"
Agnieszka Skonieczna,Cabinet member,"('Thierry Breton',)"
Simona Constantin,Cabinet member,"('Věra Jourová',)"
Paolo Gentiloni,Commissioner,"('Paolo Gentiloni',)"
Kaisa Soro-Pesonen,Cabinet member,"('Jutta Urpilainen',)"
David Mueller,Cabinet member,"('Johannes Hahn',)"
Estelle Göger,Cabinet member,"('Paolo Gentiloni',)"
Elzbieta Lukaniuk,Cabinet member,"('Adina Vălean',)"
Annukka Ojala,Cabinet member,"('Stella Kyriakides',)"
Fabien Dell,Cabinet member,"('Nicolas Schmit',)"
Paolo Gentiloni,Commissioner,"('Paolo Gentiloni', 'Valdis Dombrovskis')"
Valdis Dombrovskis ,Executive Vice-President,"('Paolo Gentiloni', 'Valdis Dombrovskis')"
Gaelle Garnier,Cabinet member,"('Thierry Breton',)"
Vanessa Mock,Cabinet member,"('Valdis Dombrovskis',)"
Mette Dyrskjot,Cabinet member,"('Margrethe Vestager', 'Helena Dalli')"
Alejandro Cainzos,Cabinet member,"('Margrethe Vestager', 'Helena Dalli')"
Eva Gerhards,Cabinet member,"('Margrethe Vestager', 'Helena Dalli')"
Nora Bednarski,Cabinet member,"('Margrethe Vestager', 'Helena Dalli')"
Mattia De Grassi,Cabinet member,"('Dubravka Šuica',)"
Janusz Wojciechowski,Commissioner,"('Janusz Wojciechowski',)"
Maria Luisa Llano Cardenal,Cabinet member,"('Margaritis Schinas',)"
Marie Frenay,Cabinet member,"('Věra Jourová',)"
Hilde Hardeman,Head of service,"('Josep Borrell Fontelles',)"
Jakob Wegener Friis,Cabinet member,"('Paolo Gentiloni',)"
Dara Murphy,Cabinet member,"('Mariya Gabriel',)"
Olivier Smith,Cabinet member,"('Ursula von der Leyen',)"
Eduard Hulicius,Cabinet member,"('Věra Jourová',)"
Christiane Canenbley,Cabinet member,"('Margrethe Vestager',)"
Lucia Caudet,Cabinet member,"('Thierry Breton',)"
Anthony Agotha,Cabinet member,"('Frans Timmermans',)"
Frauke Hoss,Cabinet member,"('Maroš Šefčovič',)"
Peter Power,Cabinet member,"('Phil Hogan',)"
Jorge Pinto Antunes,Cabinet member,"('Janusz Wojciechowski',)"
Magdalena Majerczyk,Cabinet member,"('Janusz Wojciechowski',)"
Kyriacos Charalambous,Cabinet member,"('Johannes Hahn',)"
Simona Pinzariu,Cabinet member,"('Janusz Wojciechowski',)"
Brian Synnott,Cabinet member,"('Ylva Johansson',)"
Alexandra Cupsan-Catalin,Cabinet member,"('Ylva Johansson',)"
Kevin O'Connell,Cabinet member,"('Věra Jourová',)"
Christiane Kirketerp De Viron,Cabinet member,"('Johannes Hahn',)"
Ville Itälä,Director-General,"('Johannes Hahn',)"
Brenda Furniere,Cabinet member,"('Ursula von der Leyen',)"
Asa Webber,Cabinet member,"('Ylva Johansson',)"
Damyana Stoynova,Cabinet member,"('Frans Timmermans',)"
Kasia Jurczak,Cabinet member,"('Janez Lenarčič',)"
Marlene Madsen,Cabinet member,"('Elisa Ferreira',)"
Maud Arnould,Cabinet member,"('Josep Borrell Fontelles',)"
Ivo Belet,Cabinet member,"('Dubravka Šuica',)"
Werner Stengg,Cabinet member,"('Thierry Breton', 'Margrethe Vestager')"
Margrethe Vestager,Executive Vice-President,"('Thierry Breton', 'Margrethe Vestager')"
Filomena Chirico,Cabinet member,"('Thierry Breton', 'Margrethe Vestager')"
Thierry Breton,Commissioner,"('Thierry Breton', 'Margrethe Vestager')"
Agnieszka Skonieczna,Cabinet member,"('Thierry Breton', 'Margrethe Vestager')"
Sabine Weyand,Director-General,"('Valdis Dombrovskis',)"
Yizhou Ren,Cabinet member,"('Margrethe Vestager',)"
Christiane Canenbley,Cabinet member,"('Ursula von der Leyen', 'Margrethe Vestager')"
Anthony Whelan,Cabinet member,"('Ursula von der Leyen', 'Margrethe Vestager')"
Dubravka Šuica,Vice-President,"('Dubravka Šuica',)"
Carmen Preising,Cabinet member,"('Virginijus Sinkevičius',)"
Sofja Ribkina,Cabinet member,"('Valdis Dombrovskis',)"
Adam Romanowski,Cabinet member,"('Maroš Šefčovič',)"
Gints Freimanis,Cabinet member,"('Valdis Dombrovskis',)"
Fiona Knab-Lunny,Cabinet member,"('Josep Borrell Fontelles',)"
Jorge Pinto Antunes,Cabinet member,"('Virginijus Sinkevičius', 'Janusz Wojciechowski')"
Camilla Bursi,Cabinet member,"('Virginijus Sinkevičius', 'Janusz Wojciechowski')"
Elisa Ferreira,Commissioner,"('Elisa Ferreira',)"
Zaneta Vegnere,Cabinet member,"('Valdis Dombrovskis',)"
Hugo Monteiro Brilhante Sobral,Cabinet member,"('Elisa Ferreira',)"
Rozalina Petrova,Cabinet member,"('Virginijus Sinkevičius',)"
Per Haugaard,Cabinet member,"('Ursula von der Leyen',)"
Olympia Neocleous,Cabinet member,"('Stella Kyriakides',)"
Raul Hernandez Sagrera,Cabinet member,"('Ylva Johansson',)"
Pedro Serrano De Haro,Cabinet member,"('Josep Borrell Fontelles',)"
Roberto Berutti,Cabinet member,"('Janusz Wojciechowski',)"
Penelope Papandropoulos,Cabinet member,"('Margrethe Vestager',)"
Giorgios Rossides,Cabinet member,"('Stella Kyriakides',)"
Karolina Herbout-Borczak,Cabinet member,"('Stella Kyriakides',)"
Deša Srsen,Cabinet member,"('Dubravka Šuica',)"
Iris Abraham ,Cabinet member,"('Dubravka Šuica',)"
Asa Webber,Cabinet member,"('Ylva Johansson', 'Didier Reynders')"
Geneviève Tuts,Cabinet member,"('Ylva Johansson', 'Didier Reynders')"
Vesna Lončarić,Cabinet member,"('Dubravka Šuica',)"
Tuure Taneli Lahti,Cabinet member,"('Kadri Simson', 'Frans Timmermans', 'Jutta Urpilainen')"
Daniel Mes,Cabinet member,"('Kadri Simson', 'Frans Timmermans', 'Jutta Urpilainen')"
Helena Hinto,Cabinet member,"('Kadri Simson', 'Frans Timmermans', 'Jutta Urpilainen')"
Peeter Kadarik,Cabinet member,"('Kadri Simson', 'Frans Timmermans', 'Jutta Urpilainen')"
Kadri Simson,Commissioner,"('Kadri Simson', 'Frans Timmermans', 'Jutta Urpilainen')"
Maarten Verwey,Director-General,"('Elisa Ferreira',)"
Maarten Verwey,Director-General,"('Paolo Gentiloni',)"
Mirzha De Manuel,Cabinet member,"('Valdis Dombrovskis',)"
Roberto Reig Rodrigo,Cabinet member,"('Stella Kyriakides', 'Frans Timmermans')"
Lukas Visek,Cabinet member,"('Stella Kyriakides', 'Frans Timmermans')"
Maria Inmaculada Lopez Martinez,Cabinet member,"('Josep Borrell Fontelles',)"
Mette Dyrskjot,Cabinet member,"('Paolo Gentiloni', 'Margrethe Vestager')"
Estelle Göger,Cabinet member,"('Paolo Gentiloni', 'Margrethe Vestager')"
Werner Stengg,Cabinet member,"('Valdis Dombrovskis', 'Margrethe Vestager')"
Margrethe Vestager,Executive Vice-President,"('Valdis Dombrovskis', 'Margrethe Vestager')"
Andrea Beltramello,Cabinet member,"('Valdis Dombrovskis', 'Margrethe Vestager')"
Zaneta Vegnere,Cabinet member,"('Valdis Dombrovskis', 'Margrethe Vestager')"
Rafael Tristan Daerr,Cabinet member,"('Josep Borrell Fontelles',)"
Carole Mancel-Blanchard,Cabinet member,"('Elisa Ferreira',)"
Panayiotis Pourgourides,Cabinet member,"('Stella Kyriakides',)"
Clarisse Albert,Cabinet member,"('Didier Reynders',)"
Salla Saastamoinen,Director-General,"('Didier Reynders',)"
Selma Haenicke,Cabinet member,"('Olivér Várhelyi',)"
Luc De Lobel,Cabinet member,"('Didier Reynders',)"
Ilze Juhansone,Secretary-General,"('Ursula von der Leyen',)"
Peeter Kadarik,Cabinet member,"('Kadri Simson',)"
Maria-Myrto Kanellopoulou,Cabinet member,"('Margaritis Schinas',)"
Mariya Gabriel,Commissioner,"('Ursula von der Leyen', 'Mariya Gabriel')"
Ursula von der Leyen,President,"('Ursula von der Leyen', 'Mariya Gabriel')"
Vasco Ferreira,Cabinet member,"('Mariya Gabriel',)"
Matjaz Malgaj,Cabinet member,"('Janez Lenarčič',)"
Roland Sourd,Cabinet member,"('Janez Lenarčič',)"
Frans Timmermans,Executive Vice-President,"('Frans Timmermans', 'Kadri Simson')"
Kadri Simson,Commissioner,"('Frans Timmermans', 'Kadri Simson')"
Kitti Nyitrai,Cabinet member,"('Frans Timmermans', 'Kadri Simson')"
Wolfgang Burtscher ,Director-General,"('Janusz Wojciechowski',)"
Marc Lemaître,Director-General,"('Elisa Ferreira',)"
Kerstin Jorna,Director-General,"('Thierry Breton',)"
Laure Chapuis-Kombos,Cabinet member,"('Frans Timmermans', 'Kadri Simson')"
Helena Dalli,Commissioner,"('Helena Dalli', 'Věra Jourová')"
Monika Ladmanova,Cabinet member,"('Helena Dalli', 'Věra Jourová')"
Věra Jourová,Vice-President,"('Helena Dalli', 'Věra Jourová')"
Colin Scicluna,Cabinet member,"('Dubravka Šuica',)"
Adela Kabrtova,Cabinet member,"('Janez Lenarčič',)"
Lora Borissova,Cabinet member,"('Jutta Urpilainen',)"
Carlos Morais-Pires,Cabinet member,"('Mariya Gabriel',)"
Linsey Mccallum,Cabinet member,"('Margrethe Vestager',)"
Angela D'Elia,Cabinet member,"('Paolo Gentiloni',)"
Wioletta Dunin-Majewska,Cabinet member,"('Elisa Ferreira',)"
Mariana Kotzeva,Director-General,"('Paolo Gentiloni',)"
Gert-Jan Koopman,Director-General,"('Johannes Hahn',)"
Louise Groenfeldt,Cabinet member,"('Margrethe Vestager',)"
Camilla Bursi,Cabinet member,"('Stella Kyriakides', 'Virginijus Sinkevičius')"
Roberto Reig Rodrigo,Cabinet member,"('Stella Kyriakides', 'Virginijus Sinkevičius')"
Helena Braun,Cabinet member,"('Frans Timmermans', 'Virginijus Sinkevičius')"
Camilla Bursi,Cabinet member,"('Frans Timmermans', 'Virginijus Sinkevičius')"
Simeona Manova,Cabinet member,"('Elisa Ferreira',)"
Estela Pineiro-Kruik,Cabinet member,"('Frans Timmermans',)"
Barbara Herbolzheimer,Cabinet member,"('Johannes Hahn',)"
Eszter Batta,Cabinet member,"('Thierry Breton',)"
Charlina Vitcheva,Director-General,"('Virginijus Sinkevičius',)"
Ines Prainsack,Cabinet member,"('Stella Kyriakides',)"
Ingrid Godkin,Cabinet member,"('Dubravka Šuica',)"
Antonia Curdo,Cabinet member,"('Dubravka Šuica',)"
Tina Strafela,Cabinet member,"('Janez Lenarčič',)"
Cécile Billaux,Cabinet member,"('Phil Hogan',)"
Stephen Quest,Director-General,"('Iliana Ivanova',)"
Thierry Breton,Commissioner,"('Nicolas Schmit', 'Thierry Breton')"
Antoine Kasel,Cabinet member,"('Nicolas Schmit', 'Thierry Breton')"
Nicolas Schmit,Commissioner,"('Nicolas Schmit', 'Thierry Breton')"
Katri Teedumae,Cabinet member,"('Olivér Várhelyi',)"
Maja Kocijancic,Cabinet member,"('Olivér Várhelyi',)"
Monique Pariat,Director-General,"('Ylva Johansson',)"
Charmaine Hili,Cabinet member,"('Ursula von der Leyen',)"
Renáta Goldírová,Cabinet member,"('Maroš Šefčovič',)"
Sonia Vila Nunez,Cabinet member,"('Ursula von der Leyen',)"
Bjoern Seibert,Cabinet member,"('Ursula von der Leyen',)"
Nicole Dewandre,Cabinet member,"('Ursula von der Leyen',)"
Peteris Ustubs,Cabinet member,"('Ursula von der Leyen',)"
Mary Veronica Tovsak Pleterski,Cabinet member,"('Ursula von der Leyen',)"
Pedro MOIA,Cabinet member,"('Elisa Ferreira',)"
Hanna Jahns,Cabinet member,"('Johannes Hahn',)"
Diana Montero Melis,Cabinet member,"('Stella Kyriakides', 'Jutta Urpilainen')"
Roberto Reig Rodrigo,Cabinet member,"('Stella Kyriakides', 'Jutta Urpilainen')"
Annukka Ojala,Cabinet member,"('Stella Kyriakides', 'Frans Timmermans')"
Andrea Nahles,Cabinet member,"('Nicolas Schmit',)"
Mario Nava,Director-General,"('Elisa Ferreira',)"
Helena Braun,Cabinet member,"('Stella Kyriakides', 'Frans Timmermans')"
Daniel Mes,Cabinet member,"('Frans Timmermans', 'Kadri Simson')"
Helena Hinto,Cabinet member,"('Frans Timmermans', 'Kadri Simson')"
Gerassimos Thomas,Director-General,"('Paolo Gentiloni',)"
Ralf Kuhne,Cabinet member,"('Stella Kyriakides',)"
Florika Fink-Hooijer,Director-General,"('Virginijus Sinkevičius',)"
Christina Holm Eiberg,Cabinet member,"('Margrethe Vestager',)"
Celine Gauer,Head of Task Force,"('Ursula von der Leyen',)"
Margrethe Vestager,Executive Vice-President,"('Ursula von der Leyen', 'Margrethe Vestager')"
Werner Stengg,Cabinet member,"('Ursula von der Leyen', 'Margrethe Vestager')"
Roberta Torre,Cabinet member,"('Paolo Gentiloni',)"
Florian Denis,Cabinet member,"('Mairead Mcguinness',)"
Nathalie De Basaldua Lemarchand,Cabinet member,"('Mairead Mcguinness',)"
Katherine Power,Cabinet member,"('Mairead Mcguinness',)"
Johannes Noack,Cabinet member,"('Johannes Hahn',)"
Mateja Munda,Cabinet member,"('Janez Lenarčič',)"
Lucrezia Busa,Cabinet member,"('Thierry Breton', 'Didier Reynders')"
Filomena Chirico,Cabinet member,"('Thierry Breton', 'Didier Reynders')"
Karolina Herbout-Borczak,Cabinet member,"('Stella Kyriakides', 'Ursula von der Leyen')"
Kurt Vandenberghe,Cabinet member,"('Stella Kyriakides', 'Ursula von der Leyen')"
Andrea Beltramello,Cabinet member,"('Valdis Dombrovskis', 'Mairead Mcguinness')"
Katherine Power,Cabinet member,"('Valdis Dombrovskis', 'Mairead Mcguinness')"
Agnieszka Drzewoska,Cabinet member,"('Mairead Mcguinness',)"
Tommy De Temmerman,Cabinet member,"('Mairead Mcguinness',)"
Nicolas Hazard,Cabinet member,"('Nicolas Schmit',)"
Mairead McGuinness,Commissioner,"('Mairead Mcguinness',)"
Peter Power,Cabinet member,"('Mairead Mcguinness',)"
Alvaro De Elera,Cabinet member,"('Věra Jourová',)"
Deirdre O’Hea,Cabinet member,"('Mairead Mcguinness',)"
Kadri Simson,Commissioner,"('Thierry Breton', 'Kadri Simson')"
Laure Chapuis-Kombos,Cabinet member,"('Thierry Breton', 'Kadri Simson')"
Stefano Grassi,Cabinet member,"('Thierry Breton', 'Kadri Simson')"
Thor-Sten Vertmann,Cabinet member,"('Thierry Breton', 'Kadri Simson')"
Thierry Breton,Commissioner,"('Thierry Breton', 'Kadri Simson')"
Eszter Batta,Cabinet member,"('Thierry Breton', 'Kadri Simson')"
Laurent Bontoux,Cabinet member,"('Maroš Šefčovič',)"
Cristina Rueda Catry,Cabinet member,"('Valdis Dombrovskis',)"
Jori Keijsper,Cabinet member,"('Frans Timmermans',)"
Toma Sutic,Cabinet member,"('Dubravka Šuica',)"
Daphne von Buxhoeveden,Cabinet member,"('Stella Kyriakides',)"
Hannah O’Kane,Cabinet member,"('Mairead Mcguinness',)"
Joan Canton,Cabinet member,"('Thierry Breton',)"
Sandra Gallina,Director-General,"('Stella Kyriakides',)"
Cristina Rueda Catry,Cabinet member,"('Valdis Dombrovskis', 'Jutta Urpilainen')"
Andrea Beltramello,Cabinet member,"('Valdis Dombrovskis', 'Jutta Urpilainen')"
Diana Montero Melis,Cabinet member,"('Valdis Dombrovskis', 'Jutta Urpilainen')"
Antoine Colombani,Cabinet member,"('Frans Timmermans', 'Valdis Dombrovskis')"
Andrea Beltramello,Cabinet member,"('Frans Timmermans', 'Valdis Dombrovskis')"
Rachel Smit,Cabinet member,"('Adina Vălean',)"
Natasa Athanasiadou,Cabinet member,"('Johannes Hahn',)"
Jose Antonio Vieira Da Silva,Cabinet member,"('Nicolas Schmit',)"
Agne Razmislaviciute-Palioniene,Cabinet member,"('Frans Timmermans', 'Virginijus Sinkevičius')"
Ruben Alexander Schuster,Cabinet member,"('Frans Timmermans', 'Virginijus Sinkevičius')"
Carmen Preising,Cabinet member,"('Frans Timmermans', 'Virginijus Sinkevičius')"
Eglantine Cujo,Cabinet member,"('Frans Timmermans', 'Virginijus Sinkevičius')"
Ivana McDowell,Cabinet member,"('Nicolas Schmit',)"
Kevin Keary,Cabinet member,"('Valdis Dombrovskis',)"
Eszter Batta,Cabinet member,"('Frans Timmermans', 'Thierry Breton')"
Joan Canton,Cabinet member,"('Frans Timmermans', 'Thierry Breton')"
Antoine Colombani,Cabinet member,"('Frans Timmermans', 'Thierry Breton')"
Antoine Colombani,Cabinet member,"('Frans Timmermans', 'Mairead Mcguinness')"
Katherine Power,Cabinet member,"('Frans Timmermans', 'Mairead Mcguinness')"
Daniel Calleja Crespo,Director-General,"('Ursula von der Leyen',)"
Katalin Molnar,Cabinet member,"('Janusz Wojciechowski',)"
Gosia Pearson,Cabinet member,"('Ylva Johansson',)"
Stéphanie Riso,Cabinet member,"('Ursula von der Leyen',)"
Rozalina Petrova,Cabinet member,"('Frans Timmermans', 'Virginijus Sinkevičius')"
Leila Fernandez-Stembridge,Cabinet member,"('Josep Borrell Fontelles',)"
Anne Funch Jensen,Cabinet member,"('Margrethe Vestager',)"
Valeria Miceli,Cabinet member,"('Ursula von der Leyen', 'Mairead Mcguinness')"
Katherine Power,Cabinet member,"('Ursula von der Leyen', 'Mairead Mcguinness')"
Caroline Boeshertz,Cabinet member,"('Valdis Dombrovskis',)"
Alina-Stefania Ujupan,Cabinet member,"('Frans Timmermans', 'Virginijus Sinkevičius', 'Margrethe Vestager')"
Rozalina Petrova,Cabinet member,"('Frans Timmermans', 'Virginijus Sinkevičius', 'Margrethe Vestager')"
Helena Braun,Cabinet member,"('Frans Timmermans', 'Virginijus Sinkevičius', 'Margrethe Vestager')"
Sarah Nelen,Cabinet member,"('Frans Timmermans', 'Virginijus Sinkevičius', 'Margrethe Vestager')"
Christiane Canenbley,Cabinet member,"('Thierry Breton', 'Margrethe Vestager')"
Marc Fiedrich,Acting Head of service,"('Josep Borrell Fontelles',)"
Maurits-Jan Prinz,Cabinet member,"('Thierry Breton',)"
Iwona Piorko Bermig,Cabinet member,"('Margrethe Vestager',)"
Olai Voionmaa,Cabinet member,"('Jutta Urpilainen',)"
Filip Alexandru Negreanu Arboreanu,Cabinet member,"('Frans Timmermans', 'Adina Vălean')"
Penelope Papandropoulos,Cabinet member,"('Thierry Breton', 'Margrethe Vestager')"
Laure Chapuis-Kombos,Cabinet member,"('Ursula von der Leyen', 'Kadri Simson')"
Kurt Vandenberghe,Cabinet member,"('Ursula von der Leyen', 'Kadri Simson')"
Florentine Hopmeier,Cabinet member,"('Ursula von der Leyen',)"
Claude Bocqueraz,Cabinet member,"('Mairead Mcguinness',)"
Tatiana Marquez Uriarte,Cabinet member,"('Kadri Simson',)"
Rozalina Petrova,Cabinet member,"('Frans Timmermans', 'Thierry Breton', 'Virginijus Sinkevičius')"
Joan Canton,Cabinet member,"('Frans Timmermans', 'Thierry Breton', 'Virginijus Sinkevičius')"
Helena Braun,Cabinet member,"('Frans Timmermans', 'Thierry Breton', 'Virginijus Sinkevičius')"
Anna Chuchla,Cabinet member,"('Janusz Wojciechowski',)"
Antoine Colombani,Cabinet member,"('Ursula von der Leyen', 'Frans Timmermans')"
Kurt Vandenberghe,Cabinet member,"('Ursula von der Leyen', 'Frans Timmermans')"
Vangelis Demiris,Cabinet member,"('Johannes Hahn', 'Margaritis Schinas')"
Margaritis Schinas,Vice-President,"('Johannes Hahn', 'Margaritis Schinas')"
Johannes Hahn,Commissioner,"('Johannes Hahn', 'Margaritis Schinas')"
Olivia Gippner,Cabinet member,"('Frans Timmermans',)"
Antoine Colombani,Cabinet member,"('Nicolas Schmit', 'Frans Timmermans')"
Fabien Dell,Cabinet member,"('Nicolas Schmit', 'Frans Timmermans')"
Christoph Nerlich,Cabinet member,"('Nicolas Schmit', 'Frans Timmermans')"
Pim Lescrauwaet,Cabinet member,"('Valdis Dombrovskis',)"
Thierry Breton,Commissioner,"('Ursula von der Leyen', 'Thierry Breton')"
Joan Canton,Cabinet member,"('Ursula von der Leyen', 'Thierry Breton')"
Kurt Vandenberghe,Cabinet member,"('Ursula von der Leyen', 'Thierry Breton')"
Jasna Pajnkihar,Cabinet member,"('Janez Lenarčič',)"
Aleska Simkic,Cabinet member,"('Janez Lenarčič',)"
Yizhou Ren,Cabinet member,"('Thierry Breton', 'Margrethe Vestager')"
Fabrice Comptour,Cabinet member,"('Thierry Breton', 'Margrethe Vestager')"
Michael Hager,Cabinet member,"('Valdis Dombrovskis', 'Mairead Mcguinness')"
Sarah Ziane ,Cabinet member,"('Virginijus Sinkevičius',)"
Michael Hager,Cabinet member,"('Ursula von der Leyen', 'Valdis Dombrovskis')"
Per Haugaard,Cabinet member,"('Ursula von der Leyen', 'Valdis Dombrovskis')"
Santina Bertulessi,Cabinet member,"('Paolo Gentiloni', 'Nicolas Schmit')"
Anouk Faber,Cabinet member,"('Paolo Gentiloni', 'Nicolas Schmit')"
Fabien Dell,Cabinet member,"('Paolo Gentiloni', 'Nicolas Schmit')"
Estelle Göger,Cabinet member,"('Paolo Gentiloni', 'Nicolas Schmit')"
Karolina RUDZINSKA,Cabinet member,"('Olivér Várhelyi',)"
Barbara GLOWACKA,Cabinet member,"('Kadri Simson',)"
Caroline Boeshertz,Cabinet member,"('Olivér Várhelyi', 'Valdis Dombrovskis')"
Olivér Várhelyi,Commissioner,"('Olivér Várhelyi', 'Valdis Dombrovskis')"
Daniel Mes,Cabinet member,"('Frans Timmermans', 'Thierry Breton')"
Agnieszka Skonieczna,Cabinet member,"('Ursula von der Leyen', 'Thierry Breton')"
Anthony Whelan,Cabinet member,"('Ursula von der Leyen', 'Thierry Breton')"
Maria Krikou,Cabinet member,"('Margaritis Schinas',)"
Tommy De Temmerman,Cabinet member,"('Valdis Dombrovskis', 'Mairead Mcguinness')"
Arunas Ribokas,Cabinet member,"('Virginijus Sinkevičius',)"
Panayiotis Pourgourides,Cabinet member,"('Stella Kyriakides', 'Frans Timmermans')"
Isabelle Perignon,Cabinet member,"('Frans Timmermans', 'Didier Reynders')"
Helena Braun,Cabinet member,"('Frans Timmermans', 'Didier Reynders')"
Gemberg-Wiesike Alexander ,Director of Office,"('Johannes Hahn',)"
Alejandro Cainzos,Cabinet member,"('Valdis Dombrovskis', 'Margrethe Vestager')"
Kim Jorgensen,Cabinet member,"('Valdis Dombrovskis', 'Margrethe Vestager')"
Valdis Dombrovskis ,Executive Vice-President,"('Valdis Dombrovskis', 'Margrethe Vestager')"
Filomena Chirico,Cabinet member,"('Thierry Breton', 'Mairead Mcguinness')"
John Berrigan,Director-General,"('Thierry Breton', 'Mairead Mcguinness')"
Gints Freimanis,Cabinet member,"('Olivér Várhelyi', 'Valdis Dombrovskis')"
Michael Hager,Cabinet member,"('Olivér Várhelyi', 'Valdis Dombrovskis')"
Astrid Dentler,Cabinet member,"('Valdis Dombrovskis', 'Dubravka Šuica')"
Mirzha De Manuel,Cabinet member,"('Valdis Dombrovskis', 'Dubravka Šuica')"
Pauline Rouch,Cabinet member,"('Mariya Gabriel',)"
Lucia Bonova,Cabinet member,"('Margrethe Vestager',)"
Pierre-Arnaud Proux,Cabinet member,"('Margrethe Vestager',)"
Barbara Herbolzheimer,Cabinet member,"('Ursula von der Leyen', 'Johannes Hahn')"
Maria Luisa Cabral,Cabinet member,"('Ursula von der Leyen', 'Johannes Hahn')"
Andrea Vettori,Cabinet member,"('Virginijus Sinkevičius',)"
Joanna Stawowy,Cabinet member,"('Janusz Wojciechowski',)"
Lucia Bonova,Cabinet member,"('Thierry Breton', 'Margrethe Vestager')"
Maurits-Jan Prinz,Cabinet member,"('Thierry Breton', 'Margrethe Vestager')"
Joan Canton,Cabinet member,"('Thierry Breton', 'Virginijus Sinkevičius')"
Andrea Vettori,Cabinet member,"('Thierry Breton', 'Virginijus Sinkevičius')"
Joanna Stawowy,Cabinet member,"('Elisa Ferreira', 'Janusz Wojciechowski')"
Carole Mancel-Blanchard,Cabinet member,"('Elisa Ferreira', 'Janusz Wojciechowski')"
Pierre-Arnaud Proux,Cabinet member,"('Thierry Breton', 'Margrethe Vestager')"
Roberto Viola,Director-General,"('Thierry Breton', 'Margrethe Vestager')"
Jivka Petkova,Cabinet member,"('Ursula von der Leyen',)"
Annelisa Cotone,Cabinet member,"('Helena Dalli',)"
Nicolo Brignoli,Cabinet member,"('Mairead Mcguinness',)"
Ruud Kempener,Cabinet member,"('Kadri Simson',)"
Ana Gallego,Director-General,"('Didier Reynders',)"
Arunas Ribokas,Cabinet member,"('Frans Timmermans', 'Virginijus Sinkevičius')"
Dimitri Lorenzani,Cabinet member,"('Maroš Šefčovič',)"
Pierre Delsaux,Director-General,"('Stella Kyriakides',)"
Irina Stefuriuc,Cabinet member,"('Věra Jourová',)"
Joseph Vella,Cabinet member,"('Helena Dalli',)"
Helena Braun,Cabinet member,"('Frans Timmermans', 'Thierry Breton')"
Roxana Lesovici,Cabinet member,"('Frans Timmermans', 'Adina Vălean')"
Marta Balossino,Cabinet member,"('Margrethe Vestager',)"
Andrea Vettori,Cabinet member,"('Frans Timmermans', 'Virginijus Sinkevičius')"
Pelayo Castro,Cabinet member,"('Josep Borrell Fontelles',)"
Julia Lemke,Cabinet member,"('Paolo Gentiloni',)"
Diederik Samsom,Cabinet member,"('Frans Timmermans', 'Elisa Ferreira')"
Aleksandra Tomczak,Cabinet member,"('Frans Timmermans', 'Elisa Ferreira')"
Wioletta Dunin-Majewska,Cabinet member,"('Frans Timmermans', 'Elisa Ferreira')"
Simonas ŠATŪNAS,Cabinet member,"('Virginijus Sinkevičius',)"
Laszlo Kristoffy,Cabinet member,"('Olivér Várhelyi',)"
Florian Denis,Cabinet member,"('Valdis Dombrovskis', 'Mairead Mcguinness')"
Barbara Gallo,Cabinet member,"('Josep Borrell Fontelles',)"
Darta Tentere,Cabinet member,"('Mairead Mcguinness',)"
Suvi Leinonen,Cabinet member,"('Jutta Urpilainen',)"
Elena Montani,Cabinet member,"('Virginijus Sinkevičius',)"
Alina-Stefania Ujupan,Cabinet member,"('Iliana Ivanova', 'Margrethe Vestager')"
Themis Christophidou,Director-General,"('Iliana Ivanova', 'Margrethe Vestager')"
Giulio Di Blasi,Cabinet member,"('Ylva Johansson',)"
Lauriane  Bertrand,Cabinet member,"('Mariya Gabriel',)"
Carsten Schierenbeck,Cabinet member,"('Maroš Šefčovič',)"
Lucia Caudet,Cabinet member,"('Thierry Breton', 'Margrethe Vestager')"
Elena Montani,Cabinet member,"('Frans Timmermans', 'Virginijus Sinkevičius')"
Andreas Schneider,Cabinet member,"('Janusz Wojciechowski',)"
Martina Lodrant,Cabinet member,"('Ursula von der Leyen',)"
Elina Laurinen,Cabinet member,"('Thierry Breton',)"
Paul Moley,Cabinet member,"('Mairead Mcguinness',)"
Morella Siemers,Cabinet member,"('Ylva Johansson',)"
Sophie Dewispelaere,Cabinet member,"('Paolo Gentiloni',)"
Sofia Asteriadi,Cabinet member,"('Maroš Šefčovič',)"
Grave Martijn De,Cabinet member,"('Maroš Šefčovič',)"
Darta Tentere,Cabinet member,"('Valdis Dombrovskis', 'Mairead Mcguinness')"
Darta Tentere,Cabinet member,"('Ursula von der Leyen', 'Mairead Mcguinness')"
Patricia Reilly,Cabinet member,"('Mairead Mcguinness',)"
Stina Soewarta,Cabinet member,"('Margrethe Vestager',)"
Luke  Haasbeek,Cabinet member,"('Virginijus Sinkevičius',)"
Clara De-La-Torre,Acting Director-General,"('Wopke Hoekstra',)"
Marion Finke,Cabinet member,"('Dubravka Šuica',)"
Maximilian Strotmann,Cabinet member,"('Johannes Hahn',)"
Gabriela Keckesova,Cabinet member,"('Maroš Šefčovič',)"
Simona Constantin,Cabinet member,"('Helena Dalli', 'Věra Jourová')"
Silvan Agius,Cabinet member,"('Helena Dalli', 'Věra Jourová')"
Lesia Radelicki,Cabinet member,"('Helena Dalli', 'Věra Jourová')"
Suvi Leinonen,Cabinet member,"('Kadri Simson', 'Jutta Urpilainen')"
Thor-Sten Vertmann,Cabinet member,"('Kadri Simson', 'Jutta Urpilainen')"
Tommy De Temmerman,Cabinet member,"('Ursula von der Leyen', 'Valdis Dombrovskis', 'Mairead Mcguinness')"
Andrea Beltramello,Cabinet member,"('Ursula von der Leyen', 'Valdis Dombrovskis', 'Mairead Mcguinness')"
Valeria Miceli,Cabinet member,"('Ursula von der Leyen', 'Valdis Dombrovskis', 'Mairead Mcguinness')"
Bjoern Seibert,Cabinet member,"('Ursula von der Leyen', 'Kadri Simson')"
Ditte Juul Jørgensen,Director-General,"('Ursula von der Leyen', 'Kadri Simson')"
Tomas Baert,Cabinet member,"('Ursula von der Leyen',)"
Signe Ratso,Acting Director-General,"('Iliana Ivanova',)"
Patricia Reilly,Cabinet member,"('Valdis Dombrovskis', 'Mairead Mcguinness')"
Agnieszka Skonieczna,Cabinet member,"('Thierry Breton', 'Valdis Dombrovskis', 'Mairead Mcguinness')"
Florian Denis,Cabinet member,"('Thierry Breton', 'Valdis Dombrovskis', 'Mairead Mcguinness')"
Andrea Beltramello,Cabinet member,"('Thierry Breton', 'Valdis Dombrovskis', 'Mairead Mcguinness')"
Pierre-Arnaud Proux,Cabinet member,"('Valdis Dombrovskis', 'Margrethe Vestager')"
Cristina Rueda Catry,Cabinet member,"('Valdis Dombrovskis', 'Margrethe Vestager')"
Mirzha De Manuel,Cabinet member,"('Valdis Dombrovskis', 'Margrethe Vestager')"
Caroline Boeshertz,Cabinet member,"('Valdis Dombrovskis', 'Margrethe Vestager')"
Fabrice Comptour,Cabinet member,"('Ursula von der Leyen', 'Thierry Breton')"
Ursula von der Leyen,President,"('Ursula von der Leyen', 'Thierry Breton')"
Peter van Kemseke,Cabinet member,"('Ursula von der Leyen',)"
Dimitri Lorenzani,Cabinet member,"('Maroš Šefčovič', 'Thierry Breton')"
Adam Romanowski,Cabinet member,"('Maroš Šefčovič', 'Thierry Breton')"
Joan Canton,Cabinet member,"('Maroš Šefčovič', 'Thierry Breton')"
Elena Montani,Cabinet member,"('Frans Timmermans', 'Thierry Breton', 'Virginijus Sinkevičius')"
Zuzana Dorazilova,Cabinet member,"('Věra Jourová',)"
Ildikó Voller-Szenci,Cabinet member,"('Olivér Várhelyi',)"
Camilo Villarino,Cabinet member,"('Josep Borrell Fontelles',)"
Ludovic Pierre,Cabinet member,"('Didier Reynders',)"
Pim Lescrauwaet,Cabinet member,"('Valdis Dombrovskis', 'Mairead Mcguinness')"
Marco Buti,Cabinet member,"('Paolo Gentiloni',)"
Simon Genevaz,Cabinet member,"('Margrethe Vestager',)"
Kurt Vandenberghe,Cabinet member,"('Wopke Hoekstra', 'Ursula von der Leyen')"
Peter van Kemseke,Cabinet member,"('Wopke Hoekstra', 'Ursula von der Leyen')"
Martina Lodrant,Cabinet member,"('Wopke Hoekstra', 'Ursula von der Leyen')"
Kurt Vandenberghe,Director-General,"('Wopke Hoekstra', 'Ursula von der Leyen')"
Thomas Woolfson,Cabinet member,"('Margrethe Vestager',)"
Eleonora Ocello,Cabinet member,"('Thierry Breton',)"
Agnieszka Drzewoska,Cabinet member,"('Valdis Dombrovskis', 'Mairead Mcguinness')"
Kurt Vandenberghe,Director-General,"('Wopke Hoekstra',)"
Diederik Samsom,Cabinet member,"('Frans Timmermans', 'Kadri Simson')"
Tatiana Marquez Uriarte,Cabinet member,"('Frans Timmermans', 'Kadri Simson')"
Stefano Grassi,Cabinet member,"('Frans Timmermans', 'Kadri Simson')"
Paolo Gentiloni,Commissioner,"('Paolo Gentiloni', 'Johannes Hahn')"
Hanna Jahns,Cabinet member,"('Paolo Gentiloni', 'Johannes Hahn')"
Johannes Hahn,Commissioner,"('Paolo Gentiloni', 'Johannes Hahn')"
Peter Wagner,Director,"('Josep Borrell Fontelles',)"
Simon Genevaz,Cabinet member,"('Margrethe Vestager', 'Adina Vălean')"
Filip Alexandru Negreanu Arboreanu,Cabinet member,"('Margrethe Vestager', 'Adina Vălean')"
Colin Scicluna ,Cabinet member,"('Dubravka Šuica',)"
Lukas Visek,Cabinet member,"('Frans Timmermans', 'Janusz Wojciechowski')"
Joanna Stawowy,Cabinet member,"('Frans Timmermans', 'Janusz Wojciechowski')"
Riccardo Maggi,Cabinet member,"('Frans Timmermans', 'Kadri Simson')"
Aleksandra Tomczak,Cabinet member,"('Frans Timmermans', 'Kadri Simson')"
Thor-Sten Vertmann,Cabinet member,"('Frans Timmermans', 'Kadri Simson')"
Sabine Weyand,Director-General,"('Elisa Ferreira', 'Valdis Dombrovskis')"
Mario Nava,Director-General,"('Elisa Ferreira', 'Valdis Dombrovskis')"
Agnieszka Drzewoska,Cabinet member,"('Ursula von der Leyen', 'Valdis Dombrovskis', 'Mairead Mcguinness')"
Florian Denis,Cabinet member,"('Ursula von der Leyen', 'Valdis Dombrovskis', 'Mairead Mcguinness')"
Andrea Beltramello,Cabinet member,"('Ursula von der Leyen', 'Valdis Dombrovskis')"
Valeria Miceli,Cabinet member,"('Ursula von der Leyen', 'Valdis Dombrovskis')"
Anna-Kaisa Itkonen,Cabinet member,"('Kadri Simson',)"
Justyna Petsch,Cabinet member,"('Olivér Várhelyi',)"
Isidro LASO BALLESTEROS,Cabinet member,"('Mariya Gabriel',)"
Christiane Canenbley,Cabinet member,"('Valdis Dombrovskis', 'Margrethe Vestager')"
Gert-Jan Koopman,Director-General,"('Olivér Várhelyi',)"
Daphne von Buxhoeveden,Cabinet member,"('Stella Kyriakides', 'Margaritis Schinas')"
Maria Luisa Llano Cardenal,Cabinet member,"('Stella Kyriakides', 'Margaritis Schinas')"
Marc Lemaître,Director-General,"('Iliana Ivanova',)"
Martina Krobath,Cabinet member,"('Johannes Hahn',)"
Jens Alexander Flosdorff,Cabinet member,"('Ursula von der Leyen',)"
Werner Stengg,Cabinet member,"('Nicolas Schmit', 'Margrethe Vestager')"
Mette Dyrskjot,Cabinet member,"('Nicolas Schmit', 'Margrethe Vestager')"
Ana Carla  Pereira,Cabinet member,"('Nicolas Schmit', 'Margrethe Vestager')"
Antoine Kasel,Cabinet member,"('Nicolas Schmit', 'Margrethe Vestager')"
Ivana McDowell,Cabinet member,"('Nicolas Schmit', 'Margrethe Vestager')"
Frans Timmermans,Executive Vice-President,"('Frans Timmermans', 'Thierry Breton')"
Thierry Breton,Commissioner,"('Frans Timmermans', 'Thierry Breton')"
Olivér Várhelyi,Commissioner,"('Olivér Várhelyi', 'Jutta Urpilainen')"
Koen Doens,Director-General,"('Olivér Várhelyi', 'Jutta Urpilainen')"
Maroš Šefčovič,Executive Vice-President,"('Maroš Šefčovič', 'Elisa Ferreira')"
Adam Romanowski,Cabinet member,"('Maroš Šefčovič', 'Elisa Ferreira')"
Mario Nava,Director-General,"('Maroš Šefčovič', 'Elisa Ferreira')"
Liliane Giardino-Karlinger,Cabinet member,"('Margrethe Vestager',)"
David Marechal,Cabinet member,"('Didier Reynders',)"
Eleonora Ocello,Cabinet member,"('Thierry Breton', 'Věra Jourová')"
Marie Frenay,Cabinet member,"('Thierry Breton', 'Věra Jourová')"
Elina Melngaile,Cabinet member,"('Valdis Dombrovskis', 'Margrethe Vestager')"
Liviu Stirbat,Cabinet member,"('Margrethe Vestager',)"
Jaan Mannik,Cabinet member,"('Kadri Simson',)"
Andrea Beltramello,Cabinet member,"('Frans Timmermans', 'Thierry Breton', 'Valdis Dombrovskis')"
Joan Canton,Cabinet member,"('Frans Timmermans', 'Thierry Breton', 'Valdis Dombrovskis')"
Helena Braun,Cabinet member,"('Frans Timmermans', 'Thierry Breton', 'Valdis Dombrovskis')"
Alice Brokelind,Cabinet member,"('Ylva Johansson',)"
Stéphanie Riso,Director-General,"('Johannes Hahn',)"
Ruud Kempener,Cabinet member,"('Ursula von der Leyen', 'Kadri Simson')"
Peter van Kemseke,Cabinet member,"('Ursula von der Leyen', 'Kadri Simson')"
Philip Holzapfel,Cabinet member,"('Josep Borrell Fontelles',)"
Fabrizio Balassone,Cabinet member,"('Paolo Gentiloni',)"
Margrethe Vestager,Executive Vice-President,"('Margrethe Vestager', 'Věra Jourová')"
Werner Stengg,Cabinet member,"('Margrethe Vestager', 'Věra Jourová')"
Věra Jourová,Vice-President,"('Margrethe Vestager', 'Věra Jourová')"
Lucie Rousselle,Cabinet member,"('Didier Reynders',)"
Marco La Marca,Cabinet member,"('Dubravka Šuica',)"
Giedrius Alasevicius,Cabinet member,"('Virginijus Sinkevičius',)"
Riikka Torppa,Cabinet member,"('Elisa Ferreira',)"
Magdalena Kopczynska,Director-General,"('Adina Vălean',)"
Veronika Musilova,Cabinet member,"('Věra Jourová',)"
Werner Stengg,Cabinet member,"('Věra Jourová',)"
Helena Braun,Cabinet member,"('Maroš Šefčovič',)"
Lukas Visek,Cabinet member,"('Maroš Šefčovič',)"
Olivier Guersent,Director-General,"('Thierry Breton', 'Margrethe Vestager')"
Michele Piergiovanni,Cabinet member,"('Didier Reynders',)"
Eva Hrncirova,Cabinet member,"('Věra Jourová',)"
Thomas Woolfson,Cabinet member,"('Didier Reynders',)"
David Kerr,Cabinet member,"('Helena Dalli',)"
Pia Ahrenkilde Hansen,Director-General,"('Iliana Ivanova',)"
Olaf Deussen,Cabinet member,"('Janez Lenarčič',)"
Erik Burckhardt,Cabinet member,"('Paolo Gentiloni',)"
Liliane Giardino-Karlinger,Cabinet member,"('Didier Reynders',)"
Isidro LASO BALLESTEROS,Cabinet member,"('Adina Vălean',)"
Dino Toljan,Cabinet member,"('Maroš Šefčovič',)"
Daniel Mes,Cabinet member,"('Wopke Hoekstra',)"
Agnieszka Drzewoska,Cabinet member,"('Thierry Breton', 'Mairead Mcguinness')"
Mairead McGuinness,Commissioner,"('Thierry Breton', 'Mairead Mcguinness')"
Roberto Viola,Director-General,"('Thierry Breton', 'Mairead Mcguinness')"
Virginie Battu-Henriksson,Cabinet member,"('Maroš Šefčovič',)"
Aleksandra Baranska,Cabinet member,"('Maroš Šefčovič',)"
Alejandro Cainzos,Cabinet member,"('Věra Jourová',)"
Iliana Ivanova,Commissioner,"('Iliana Ivanova',)"
Miriam Garcia Ferrer,Cabinet member,"('Valdis Dombrovskis',)"
Christiane Canenbley,Cabinet member,"('Věra Jourová',)"
Rozalina Petrova,Cabinet member,"('Maroš Šefčovič', 'Virginijus Sinkevičius')"
Helena Braun,Cabinet member,"('Maroš Šefčovič', 'Virginijus Sinkevičius')"
Markus Schulte,Cabinet member,"('Iliana Ivanova',)"
Jan Hendrik Dopheide,Cabinet member,"('Maroš Šefčovič',)"
Wopke Hoekstra,Commissioner,"('Wopke Hoekstra',)"
Alice Brokelind,Cabinet member,"('Ylva Johansson', 'Nicolas Schmit')"
Christoph Nerlich,Cabinet member,"('Ylva Johansson', 'Nicolas Schmit')"
Nicolo Brignoli,Cabinet member,"('Valdis Dombrovskis',)"
John Berrigan,Director-General,"('Valdis Dombrovskis', 'Mairead Mcguinness')"
Diederik Samsom,Cabinet member,"('Wopke Hoekstra',)"
Sofie Robbertsen,Cabinet member,"('Johannes Hahn',)"
Juraj Nociar,Cabinet member,"('Maroš Šefčovič', 'Kadri Simson')"
Aleksandra Baranska,Cabinet member,"('Maroš Šefčovič', 'Kadri Simson')"
Peeter Kadarik,Cabinet member,"('Maroš Šefčovič', 'Kadri Simson')"
Ruud Kempener,Cabinet member,"('Maroš Šefčovič', 'Kadri Simson')"
Sonya Gospodinova,Cabinet member,"('Iliana Ivanova',)"
Ruth Reichstein,Cabinet member,"('Ursula von der Leyen',)"
Emil Dimitrov,Cabinet member,"('Iliana Ivanova',)"
Dana Spinant,Acting Director-General,"('Ursula von der Leyen',)"
Elena Montani,Cabinet member,"('Maroš Šefčovič', 'Virginijus Sinkevičius')"
Olivia Gippner,Cabinet member,"('Wopke Hoekstra',)"
Alejandro Cainzos,Cabinet member,"('Margaritis Schinas', 'Věra Jourová')"
Despina Spanou,Cabinet member,"('Margaritis Schinas', 'Věra Jourová')"
Chris Uregian,Cabinet member,"('Margaritis Schinas', 'Věra Jourová')"
Themis Christophidou,Director-General,"('Elisa Ferreira',)"
Laszlo Andrejko,Cabinet member,"('Olivér Várhelyi',)"
Akvile Normantiene,Cabinet member,"('Iliana Ivanova',)"
Simon O'Connor,Cabinet member,"('Paolo Gentiloni',)"
Joan Canton,Cabinet member,"('Nicolas Schmit', 'Thierry Breton')"
Anouk Faber,Cabinet member,"('Nicolas Schmit', 'Thierry Breton')"
Christoph Nerlich,Cabinet member,"('Nicolas Schmit', 'Thierry Breton')"
Héloïse Pillard,Cabinet member,"('Didier Reynders',)"
Nelly Bruno,Cabinet member,"('Iliana Ivanova',)"
Paolo Gentiloni,Commissioner,"('Paolo Gentiloni', 'Maroš Šefčovič')"
Aleksandra Baranska,Cabinet member,"('Paolo Gentiloni', 'Maroš Šefčovič')"
Dino Toljan,Cabinet member,"('Paolo Gentiloni', 'Maroš Šefčovič')"
Astrid Dentler,Cabinet member,"('Wopke Hoekstra',)"
Radek Honzak,Cabinet member,"('Iliana Ivanova',)"
Lukas Visek,Cabinet member,"('Maroš Šefčovič', 'Virginijus Sinkevičius')"
Jonas Sebhatu,Cabinet member,"('Paolo Gentiloni',)"
Koen Doens,Director-General,"('Wopke Hoekstra', 'Jutta Urpilainen')"
Kurt Vandenberghe,Director-General,"('Wopke Hoekstra', 'Jutta Urpilainen')"
Sid-Ahmed Kamil Talbi,Cabinet member,"('Maroš Šefčovič',)"
Kamil Piotr Ochmanski,Cabinet member,"('Janusz Wojciechowski',)"
Siobhan Millbright,Cabinet member,"('Nicolas Schmit',)"
Héloïse Pillard,Cabinet member,"('Margrethe Vestager',)"
Christos Ellinides,Director-General,"('Johannes Hahn',)"
Andreea Ticheru,Cabinet member,"('Margrethe Vestager',)"
Dana Spinant,Director-General,"('Ursula von der Leyen',)"
Janez Lenarčič,Commissioner,"('Josep Borrell Fontelles', 'Janez Lenarčič')"
Kim-Tobias Eling,Cabinet member,"('Josep Borrell Fontelles', 'Janez Lenarčič')"
Francisco Fontan Pardo,Cabinet member,"('Josep Borrell Fontelles', 'Janez Lenarčič')"
Wojtek Talko,Cabinet member,"('Nicolas Schmit', 'Věra Jourová')"
Věra Jourová,Vice-President,"('Nicolas Schmit', 'Věra Jourová')"
Anouk Faber,Cabinet member,"('Nicolas Schmit', 'Věra Jourová')"
Nicolas Schmit,Commissioner,"('Nicolas Schmit', 'Věra Jourová')"
Sophie Alexandrova,Cabinet member,"('Iliana Ivanova',)"
Taru Haapaniemi,Cabinet member,"('Janusz Wojciechowski',)"
Esther De Lange,Cabinet member,"('Wopke Hoekstra',)"
Alexane Barrouillet,Cabinet member,"('Johannes Hahn',)"
Maciej Popowski,Director-General,"('Janez Lenarčič',)"
Viktorija Jeras,Cabinet member,"('Janez Lenarčič',)"
Francisco Fontan Pardo,Cabinet member,"('Josep Borrell Fontelles',)"
Jutta Urpilainen,Commissioner,"('Olivér Várhelyi', 'Jutta Urpilainen')"
Katri Teedumae,Cabinet member,"('Olivér Várhelyi', 'Jutta Urpilainen')"
Ramona Ianus,Cabinet member,"('Margrethe Vestager',)"
Beate Gminder,Acting Director-General,"('Ylva Johansson',)"
Maria Jans,Cabinet member,"('Wopke Hoekstra',)"
Sabine Weyand,Director-General,"('Thierry Breton', 'Valdis Dombrovskis')"
Kerstin Jorna,Director-General,"('Thierry Breton', 'Valdis Dombrovskis')"
Andriana Sukova,Acting Director-General,"('Nicolas Schmit',)"
Marina Brakalova,Cabinet member,"('Maroš Šefčovič',)"
Carlota Reyners Fontana,Cabinet member,"('Ursula von der Leyen',)"
Paraskevi Papantoniou,Cabinet member,"('Margaritis Schinas',)"
Suvi Leinonen,Cabinet member,"('Maroš Šefčovič', 'Jutta Urpilainen')"
Helena Braun,Cabinet member,"('Maroš Šefčovič', 'Jutta Urpilainen')"
Ramona Ianus,Cabinet member,"('Margrethe Vestager', 'Adina Vălean')"
Elzbieta Lukaniuk,Cabinet member,"('Margrethe Vestager', 'Adina Vălean')"
Bernard Magenhann,Acting Director-General,"('Iliana Ivanova',)"
Bruno Gencarelli,Cabinet member,"('Didier Reynders',)"
Francisco De Borja Lasheras Tina,Cabinet member,"('Josep Borrell Fontelles',)"
Alvaro De Elera,Cabinet member,"('Johannes Hahn', 'Věra Jourová')"
Johannes Noack,Cabinet member,"('Johannes Hahn', 'Věra Jourová')"
Alvaro De Elera,Cabinet member,"('Nicolas Schmit', 'Věra Jourová')"
Antoine Kasel,Cabinet member,"('Nicolas Schmit', 'Věra Jourová')"
Christoph Nerlich,Cabinet member,"('Nicolas Schmit', 'Věra Jourová')"
Diana-Ioana Vlad-Calcic,Cabinet member,"('Věra Jourová',)"
Hanna Zinner,Cabinet member,"('Margrethe Vestager',)"
Judit Rozsa,Acting Director-General,"('Elisa Ferreira',)"
Martina Lodrant,Cabinet member,"('Jutta Urpilainen',)"
Gelu Calacean,Cabinet member,"('Ursula von der Leyen',)"
Pablo Fabregas Martinez,Cabinet member,"('Wopke Hoekstra',)"
Magdalena Kopczynska,Director-General,"('Wopke Hoekstra', 'Adina Vălean')"
Kurt Vandenberghe,Director-General,"('Wopke Hoekstra', 'Adina Vălean')"
Miguel Jose Garcia Jones,Cabinet member,"('Wopke Hoekstra',)"
Pierre Fermigier,Cabinet member,"('Josep Borrell Fontelles',)"
Matti Niemi,Cabinet member,"('Jutta Urpilainen',)"
Carmen Preising,Cabinet member,"('Maroš Šefčovič',)"
Antoine Bégasse De Dhaem,Cabinet member,"('Mairead Mcguinness',)"
Eglantine Cujo,Cabinet member,"('Maroš Šefčovič',)"
Lucie Rousselle,Cabinet member,"('Valdis Dombrovskis', 'Didier Reynders')"
Sabine Weyand,Director-General,"('Valdis Dombrovskis', 'Didier Reynders')"
Miriam Garcia Ferrer,Cabinet member,"('Ursula von der Leyen', 'Valdis Dombrovskis')"
Peter van Kemseke,Cabinet member,"('Ursula von der Leyen', 'Valdis Dombrovskis')"
Inês Melo Sampaio,Cabinet member,"('Elisa Ferreira',)"
Laurent Muschel,Acting Director-General,"('Stella Kyriakides',)"
Kurt Vandenberghe,Director-General,"('Wopke Hoekstra', 'Thierry Breton')"
Kerstin Jorna,Director-General,"('Wopke Hoekstra', 'Thierry Breton')"
Bernd Biervert,Cabinet member,"('Maroš Šefčovič',)"
